Name,Symbol
bitcoin,BTC
ethereum,ETH
ripple,XRP
bitcoin-cash,BCH
eos,EOS
litecoin,LTC
cardano,ADA
stellar,XLM
iota,MIOTA
neo,NEO
monero,XMR
dash,DASH
tron,TRX
nem,XEM
tether,USDT
vechain,VEN
ethereum-classic,ETC
qtum,QTUM
omisego,OMG
binance-coin,BNB
icon,ICX
lisk,LSK
bitcoin-gold,BTG
zcash,ZEC
verge,XVG
bitcoin-private,BTCP
populous,PPT
nano,NANO
bytecoin-bcn,BCN
bytom,BTM
steem,STEEM
bitcoin-diamond,BCD
bitshares,BTS
wanchain,WAN
zilliqa,ZIL
siacoin,SC
dogecoin,DOGE
digixdao,DGD
stratis,STRAT
maker,MKR
status,SNT
aion,AION
rchain,RHOC
waves,WAVES
0x,ZRX
aeternity,AE
decred,DCR
ontology,ONT
golem-network-tokens,GNT
loopring,LRC
augur,REP
komodo,KMD
basic-attention-token,BAT
waltonchain,WTC
ardor,ARDR
iostoken,IOST
digibyte,DGB
hshare,HSR
ark,ARK
pivx,PIVX
dentacoin,DCN
kucoin-shares,KCS
mithril,MITH
dragonchain,DRGN
centrality,CENNZ
substratum,SUB
aelf,ELF
cryptonex,CNX
qash,QASH
syscoin,SYS
factom,FCT
gas,GAS
game,GTC
pundi-x,NPXS
veritaseum,VERI
monacoin,MONA
ethos,ETHOS
storm,STORM
mixin,XIN
reddcoin,RDD
gxchain,GXS
elastos,ELA
kyber-network,KNC
nebulas-token,NAS
wax,WAX
funfair,FUN
revain,R
monaco,MCO
nxt,NXT
salt,SALT
zcoin,XZC
enigma-project,ENG
power-ledger,POWR
bancor,BNT
tenx,PAY
chainlink,LINK
byteball,GBYTE
smartcash,SMART
nucleus-vision,NCASH
maidsafecoin,MAID
kin,KIN
electroneum,ETN
loom-network,LOOM
storj,STORJ
request-network,REQ
neblio,NEBL
skycoin,SKY
fusion,FSN
iconomi,ICN
emercoin,EMC
particl,PART
deepbrain-chain,DBC
bitcore,BTX
cindicator,CND
dent,DENT
zencash,ZEN
nexus,NXS
polymath-network,POLY
civic,CVC
achain,ACT
matrix-ai-network,MAN
decentraland,MANA
santiment,SAN
poa-network,POA
gnosis-gno,GNO
poet,POE
medibloc,MED
singularitynet,AGI
gamecredits,GAME
rlc,RLC
arcblock,ABT
vertcoin,VTC
metal,MTL
paypie,PPP
raiden-network-token,RDN
paypex,PAYX
time-new-bank,TNB
quantstamp,QSP
cortex,CTXC
ubiq,UBQ
cube,AUTO
nuls,NULS
gifto,GTO
enjin-coin,ENJ
boscoin,BOS
groestlcoin,GRS
tokenpay,TPAY
dynamic-trading-rights,DTR
aragon,ANT
high-performance-blockchain,HPB
smartmesh,SMT
blocknet,BLOCK
genaro-network,GNX
digitalnote,XDN
theta-token,THETA
nav-coin,NAV
cybermiles,CMT
litecoin-cash,LCC
bluzelle,BLZ
bitcoindark,BTCD
red-pulse,RPX
ruff,RUFF
ignis,IGNIS
genesis-vision,GVT
thekey,TKY
blockv,VEE
sirin-labs-token,SRN
adx-net,ADX
ethlend,LEND
data,DTA
scryinfo,DDD
ost,OST
credits,CS
sonm,SNM
pillar,PLR
airswap,AST
crypterium,CRPT
einsteinium,EMC2
dew,DEW
amber,AMB
sophiatx,SPHTX
cloakcoin,CLOAK
streamr-datacoin,DATA
ink,INK
bitbay,BAY
minexcoin,MNX
iot-chain,ITC
ripio-credit-network,RCN
dropil,DROP
c20,C20
quantum-resistant-ledger,QRL
telcoin,TEL
bibox-token,BIX
eidoo,EDO
salus,SLS
peercoin,PPC
ion,ION
singulardtv,SNGLS
greencoin,GRE
edgeless,EDG
utrust,UTK
spankchain,SPANK
appcoins,APPC
wepower,WPR
envion,EVN
internet-node-token,INT
pura,PURA
viacoin,VIA
oyster,PRL
counterparty,XCP
vibe,VIBE
wabi,WABI
electra,ECA
wings,WINGS
bread,BRD
experience-points,XP
district0x,DNT
asch,XAS
medishares,MDS
iht-real-estate-protocol,IHT
modum,MOD
taas,TAAS
triggers,TRIG
gulden,NLG
feathercoin,FTC
tierion,TNT
library-credit,LBC
ins-ecosystem,INS
burst,BURST
origintrail,TRAC
etherparty,FUEL
bottos,BTO
bridgecoin,BCO
metaverse,ETP
tomochain,TOMO
odyssey,OCN
qlink,QLC
xinfin-network,XDCE
universa,UTNP
jibrel-network,JNT
coss,COSS
delphy,DPY
blockmason,BCPT
decent,DCT
datum,DAT
melon,MLN
rock,RKT
trinity-network-credit,TNC
soarcoin,SOAR
presearch,PRE
kickico,KICK
steem-dollars,SBD
casinocoin,CSC
mobilego,MGO
shield-xsh,XSH
mobius,MOBI
unikoin-gold,UKG
republic-protocol,REN
blox,CDT
naga,NGC
refereum,RFR
legolas-exchange,LGO
bitcny,BITCNY
propy,PRO
wagerr,WGR
guppy,GUP
eccoin,ECC
aeon,AEON
zeepin,ZPT
karma,KRM
firstblood,1ST
viberate,VIB
qunqun,QUN
ormeus-coin,ORME
ugchain,UGC
yoyow,YOYOW
adtoken,ADT
uptoken,UP
electrifyasia,ELEC
cobinhood,COB
linkeye,LET
xtrabytes,XBY
ravencoin,RVN
cofound-it,CFI
cpchain,CPC
shipchain,SHIP
synereo,AMP
dmarket,DMT
tokencard,TKN
decision-token,HST
lunyr,LUN
crown,CRW
everex,EVX
shift,SHIFT
elastic,XEL
fortuna,FOTA
potcoin,POT
humaniq,HMQ
mercury,MER
educare,EKT
zeusshield,ZSC
deeponion,ONION
sentinel-chain,SENC
bankex,BKX
unobtanium,UNO
nanjcoin,NANJ
lympo,LYM
safe-exchange-coin,SAFEX
qbao,QBT
pepe-cash,PEPECASH
spacechain,SPC
switcheo,SWH
energo,TSL
namecoin,NMC
havven,HAV
stk,STK
dai,DAI
zclassic,ZCL
medical-chain,MTN
peerplays-ppy,PPY
bean-cash,BITB
suncontract,SNC
trust,TRST
paccoin,$PAC
bodhi,BOT
lamden,TAU
monetha,MTH
spectre-dividend,SXDT
swftcoin,SWFTC
all-sports,SOC
selfkey,KEY
grid,GRID
dimecoin,DIME
babb,BAX
yee,YEE
blocktix,TIX
blackcoin,BLK
leocoin,LEO
numeraire,NMR
blakestar,ERA
phore,PHR
stakenet,XSN
diamond,DMD
alphacat,ACAT
iocoin,IOC
colossusxt,COLX
sibcoin,SIB
aidoc,AIDOC
agrello-delta,DLT
omni,OMNI
html-coin,HTML
moeda-loyalty-points,MDA
hempcoin,THC
attention-token-of-media,ATM
trade-token,TIO
bloomtoken,BLT
hive-project,HVN
indahash,IDH
revolutionvr,RVR
vericoin,VRC
mothership,MSP
gridcoin,GRC
dadi,DADI
measurable-data-token,MDT
datawallet,DXT
zoin,ZOI
flash,FLASH
banca,BANCA
aeron,ARN
pascal-coin,PASC
whitecoin,XWC
tokenclub,TCT
lykke,LKK
radium,RADS
e-dinar-coin,EDR
hi-mutual-society,HMC
bitclave,CAT
uquid-coin,UQC
primecoin,XPM
blockport,BPT
luxcoin,LUX
oneroot-network,RNT
covesting,COV
restart-energy-mwat,MWAT
swissborg,CHSB
matryx,MTX
carvertical,CV
bee-token,BEE
expanse,EXP
hydro-protocol,HOT
bitcoin-atom,BCA
latoken,LA
nimiq,NET
paragon,PRG
tao,XTO
monetaryunit,MUE
axpire,AXP
oax,OAX
prochain,PRA
prizm,PZM
solarcoin,SLR
posw-coin,POSW
incent,INCNT
cappasity,CAPP
oraclechain,OCT
sureremit,RMT
linda,LINDA
bitdegree,BDG
stox,STX
aurora-dao,AURA
banyan-network,BBN
rubycoin,RBY
zap,ZAP
devery,EVE
storiqa,STQ
polyswarm,NCT
te-food,TFD
debitum-network,DEB
ixledger,IXT
echolink,EKO
lomocoin,LMC
true-chain,TRUE
everus,EVR
etheroll,DICE
databits,DTB
energycoin,ENRG
bismuth,BIS
myriad,XMY
xpa,XPA
okcash,OK
alis,ALIS
pareto-network,PARETO
icos,ICOS
patientory,PTOY
encrypgen,DNA
polybius,PLBT
domraider,DRT
hacken,HKN
alqo,ALQO
nolimitcoin,NLC2
cashaa,CAS
flixxo,FLIXX
clams,CLAM
cargox,CXO
divi,DIVX
olympus-labs,MOT
swarm-city,SWT
bitsend,BSD
bitusd,BITUSD
bitcoin-green,BITG
florincoin,FLO
rentberry,BERRY
primas,PST
blackmoon,BMC
rialto,XRL
bounty0x,BNTY
pluton,PLU
snovio,SNOV
block-array,ARY
canyacoin,CAN
musicoin,MUSIC
golos,GOLOS
rise,RISE
polis,POLIS
foldingcoin,FLDC
neumark,NEU
nexium,NXC
coinfi,COFI
neoscoin,NEOS
aichain,AIT
maecenas,ART
oxycoin,OXY
bitconnect,BCC
lockchain,LOC
napoleonx,NPX
elixir,ELIX
transfercoin,TX
newyorkcoin,NYC
decent-bet,DBET
waves-community-token,WCT
travelflex,TRF
mooncoin,MOON
auroracoin,AUR
cvcoin,CVCOIN
mintcoin,MINT
dubaicoin-dbix,DBIX
mediccoin,MEDIC
coinpoker,CHP
investfeed,IFT
dynamic,DYN
hellogold,HGT
gambit,GAM
clearcoin,CLR
mysterium,MYST
nvo,NVST
zilla,ZLA
open-trading-network,OTN
remme,REM
leadcoin,LDC
toacoin,TOA
fidentiax,FDX
chronobank,TIME
geocoin,GEO
boolberry,BBR
pure,PURE
spectrecoin,XSPEC
syndicate,SYNX
bulwark,BWK
the-champcoin,TCC
sequence,SEQ
gobyte,GBX
quantum,QAU
rivetz,RVT
xaurum,XAUR
true-usd,TUSD
insights-network,INSTAR
sphere,SPHR
adbank,ADB
bitcrystals,BCY
curecoin,CURE
mybit-token,MYB
stealthcoin,XST
pinkcoin,PINK
russian-mining-coin,RMC
aventus,AVT
circuits-of-value,COVAL
payfair,PFR
interplanetary-broadcast-coin,IPBC
insurepal,IPL
dimcoin,DIM
smartlands,SLT
airtoken,AIR
solaris,XLR
profile-utility-token,PUT
dnotes,NOTE
guaranteed-ethurance-token-extra,GETX
ink-protocol,XNK
bitdice,CSNO
ip-exchange,IPSX
atn,ATN
worldcore,WRC
pandacoin-pnd,PND
hollywoodcoin,HWC
publica,PBL
playkey,PKT
internet-of-people,IOP
tokes,TKS
heat-ledger,HEAT
tracto,TRCT
novacoin,NVC
eboostcoin,EBST
espers,ESP
clearpoll,POLL
asiacoin,AC
atlant,ATL
internxt,INXT
pesetacoin,PTC
b2bx,B2B
hackspace-capital,HAC
atbcoin,ATB
eroscoin,ERO
change,CAG
hoqu,HQX
viuly,VIU
ethereum-blue,BLUE
breakout-stake,BRX
opus,OPT
artbyte,ABY
sportyco,SPF
dopecoin,DOPE
get-protocol,GET
rebl,REBL
obits,OBITS
goldcoin,GLD
gcn-coin,GCN
digipulse,DGPT
memetic,MEME
korecoin,KORE
spectre-utility,SXUT
cryptoping,PING
aidcoin,AID
dotcoin,DOT
gladius-token,GLA
bitcoinz,BTCZ
gatcoin,GAT
b3coin,KB3
bunnycoin,BUN
blockcat,CAT
ucash,UCASH
dovu,DOVU
astro,ASTRO
qwark,QWARK
hush,HUSH
ethorse,HORSE
universal-currency,UNIT
pirl,PIRL
maxcoin,MAX
trueflip,TFL
exclusivecoin,EXCL
autonio,NIO
apx,APX
spreadcoin,SPR
leverj,LEV
sprouts,SPRTS
voisecom,VOISE
sharex,SEXC
nubits,USNBT
ethereum-movie-venture,EMV
bonpay,BON
sether,SETH
fedoracoin,TIPS
dcorp,DRP
dether,DTH
jet8,J8T
lala-world,LALA
europecoin,ERC
herocoin,PLAY
veriumreserve,VRM
vtorrent,VTR
locicoin,LOCI
education-ecosystem,LEDU
goldmint,MNTP
monkey-project,MONK
idex-membership,IDXM
deviantcoin,DEV
1world,1WO
bitmark,BTM
neutron,NTRN
2give,2GIVE
aigang,AIX
bitcoin-plus,XBC
breakout,BRK
eztoken,EZT
life,LIFE
tiesdb,TIE
starbase,STAR
experty,EXY
hyperstake,HYP
real,REAL
hexx,HXX
cannabiscoin,CANN
social-send,SEND
iungo,ING
adshares,ADST
primalbase,PBT
sumokoin,SUMO
global-currency-reserve,GCR
vezt,VZT
bitcloud,BTDX
piplcoin,PIPL
luckchain,BASH
cryptopay,CPAY
zephyr,ZEPH
creditbit,CRB
nework,NKC
riecoin,RIC
blockpool,BPL
exrnchain,EXRN
blitzcash,BLITZ
maverick-chain,MVC
linx,LINX
jiyo,JIYO
uniform-fiscal-object,UFO
copytrack,CPY
monacocoin,XMCC
biocoin,BIO
1337coin,1337
lampix,PIX
terracoin,TRC
sociall,SCL
mywish,WISH
trezarcoin,TZC
audiocoin,ADC
hat-exchange,HAT
bitswift,SWIFT
buzzcoin,BUZZ
pylon-network,PYLNT
vslice,VSL
rupaya,RUPX
zeitcoin,ZEIT
bezop,BEZ
trustplus,TRUST
obsidian,ODN
reftoken,REF
eventchain,EVC
sharechain,SSS
evergreencoin,EGC
campuscoin,CMPCO
privatix,PRIX
zrcoin,ZRC
graft,GRFT
e-gulden,EFL
sexcoin,SXC
sharpe-platform-token,SHP
zero,ZER
karbo,KRB
stipend,SPD
upfiring,UFR
verify,CRED
magi,XMG
xgox,XGOX
huntercoin,HUC
equitrader,EQT
ergo,EFYT
denarius-dnr,DNR
chaincoin,CHC
micromoney,AMM
crave,CRAVE
bullion,CBX
capricoin,CPC
ebtcnew,EBTC
putincoin,PUT
noblecoin,NOBL
bitzeny,ZNY
tokenbox,TBX
vsync-vsx,VSX
masternodecoin,MTNC
ongsocial,ONG
magnet,MAG
belacoin,BELA
kobocoin,KOBO
global-cryptocurrency,GCC
farad,FRD
force,FOR
teslacoin,TES
incakoin,NKA
litedoge,LDOGE
straks,STAK
biblepay,BBP
kzcash,KZC
sense,SENSE
startercoin,STAC
creativecoin,CREA
blocklancer,LNC
qvolta,QVT
speed-mining-service,SMS
darcrus,DAR
ellaism,ELLA
firstcoin,FRST
mercury-protocol,GMT
chronologic,DAY
coinlancer,CL
altcoin-alt,ALT
kekcoin,KEK
condensate,RAIN
argentum,ARG
intensecoin,ITNS
innova,INN
indorse-token,IND
oceanlab,OCL
latiumx,LATX
unbreakablecoin,UNB
yocoin,YOC
hirematch,HIRE
808coin,808
flik,FLIK
skincoin,SKIN
adzcoin,ADZ
aurumcoin,AU
blitzpredict,XBP
synergy,SNRG
ignition,IC
mcap,MCAP
tidex-token,TDX
numus,NMS
worldcoin,WDC
rupee,RUP
digitalprice,DP
jesus-coin,JC
bitwhite,BTW
deuscoin,DEUS
moin,MOIN
fluttercoin,FLT
gpu-coin,GPU
canada-ecoin,CDN
legends-room,LGD
eltcoin,ELTCOIN
unitus,UIS
centra,CTR
fujicoin,FJC
42-coin,42
procurrency,PROC
ganjacoin,MRJA
embers,MBRS
arcticcoin,ARC
unify,UNIFY
machinecoin,MAC
shorty,SHORTY
deutsche-emark,DEM
miners-reward-token,MRT
photon,PHO
renos,RNS
ace,ACE
woodcoin,LOG
interstellar-holdings,HOLD
bytecent,BYC
emphy,EPY
vivo,VIVO
wandx,WAND
accelerator-network,ACC
drp-utility,DRPU
student-coin,STU
mazacoin,MZC
regalcoin,REC
sagacoin,SAGA
neverdie,NDC
shekel,JEW
netko,NETKO
guncoin,GUN
growers-international,GRWI
bata,BTA
peepcoin,PCN
kolion,KLN
zetacoin,ZET
wild-crypto,WILD
draftcoin,DFT
platinumbar,XPTX
ethersportz,ESZ
dfscoin,DFS
popularcoin,POP
sovereign-hero,HERO
happycoin,HPC
crowdcoin,CRC
petrodollar,XPD
octoin-coin,OCC
bitstar,BITS
bit20,BTWTY
ethereumcash,ECASH
dinastycoin,DCY
authorship,ATS
triangles,TRI
cream,CRM
britcoin,BRIT
piggycoin,PIGGY
arbitragect,ARCT
netcoin,NET
opal,OPAL
soma,SCT
aquariuscoin,ARCO
startcoin,START
etheriya,RIYA
crystal-clear,CCT
high-voltage,HVCO
suretly,SUR
equal,EQL
bitbar,BTB
bitgem,BTG
cryptocarbon,CCRB
intelligent-trading-foundation,ITT
lanacoin,LANA
kurrent,KURT
qbic,QBIC
kubera-coin,KBR
minereum,MNE
bitbtc,BITBTC
tigereum,TIG
cryptonite,XCN
garlicoin,GRLC
bitcoin-scrypt,BTCS
trumpcoin,TRUMP
titcoin,TIT
adcoin,ACC
pluscoin,PLC
swagbucks,BUCKS
droxne,DRXNE
bitair,BTCA
bitdeal,BDL
elementrem,ELE
grimcoin,GRIM
aerium,AERM
erc20,ERC20
leviarcoin,XLC
copico,XCPO
bitsilver,BITSILVER
rimbit,RBT
steneum-coin,STN
billionaire-token,XBL
guess,GUESS
tattoocoin,TSE
mao-zedong,MAO
roulettetoken,RLT
mojocoin,MOJO
leacoin,LEA
pakcoin,PAK
sugar-exchange,SGR
goldblocks,GB
bitsum,BSM
litecoin-plus,LCP
tekcoin,TEK
supercoin,SUPER
daxxcoin,DAXX
octanox,OTX
cryptojacks,CJ
chancoin,CHAN
irishcoin,IRL
votecoin,VOT
golfcoin,GOLF
onix,ONX
whalecoin,WHL
tokugawa,TOK
tokyo,TOKC
senderon,SDRN
digital-developers-fund,DDF
bitgold,BITGOLD
macron,MCRN
ccore,CCO
influxcoin,INFX
galactrum,ORE
speedcash,SCS
cartaxi-token,CTX
bolivarcoin,BOLI
nevacoin,NEVA
digital-money-bits,DMB
sterlingcoin,SLG
op-coin,OPC
gapcoin,GAP
coinonatx,XCXT
cabbage,CAB
gameunits,UNITS
crypto,CTO
impact,IMX
globaltoken,GLT
ethereum-gold,ETG
octocoin,888
zcash-gold,ZCG
global-tour-coin,GTC
prime-xi,PXI
stronghands,SHND
abjcoin,ABJ
reecoin,REE
globalboost-y,BSTY
jin-coin,JIN
kayicoin,KAYI
phantomx,PNX
bitquark,BTQ
newbium,NEWB
biteur,BITEUR
trident,TRDT
ethereum-dark,ETHD
hicoin,XHI
paycon,CON
desire,DSR
roofs,ROOFS
acoin,ACOIN
cachecoin,CACH
litebitcoin,LBTC
blackstar,BSTAR
soilcoin,SOIL
glasscoin,GLS
pioneer-coin,PCOIN
coinonat,CXT
neuro,NRO
ride-my-car,RIDE
starcash-network,STARS
goldpieces,GP
solarflarecoin,SFC
comet,CMT
x-coin,XCO
homeblockcoin,HBC
interzone,ITZ
vaperscoin,VPRC
asiadigicoin,ADCN
bnrtxcoin,BNX
slevin,SLEVIN
printerium,PRX
master-swiscoin,MSCN
geertcoin,GEERT
useless-ethereum-token,UET
royal-kingdom-coin,RKC
veros,VRS
iconic,ICON
women,WOMEN
rawcoin2,XRC
elysium,ELS
project-x,NANOX
vault-coin,VLTC
harmonycoin-hmc,HMC
caliphcoin,CALC
faircoin,FAIR
swarm-fund,SWM
hedge,HDG
bitqy,BQ
bitshares-music,MUSE
credo,CREDO
kilocoin,KLC
target-coin,TGT
ecobit,ECOB
hubii-network,HBT
chips,CHIPS
atmos,ATMS
xenon,XNN
vcash,XVC
e-coin,ECN
russiacoin,RC
dao-casino,BET
quark,QRK
encryptotel,ETT
imbrex,REX
ixcoin,IXC
carboncoin,CARBON
starta,STA
inflationcoin,IFLT
goodomy,GOOD
martexcoin,MXT
smileycoin,SMLY
triaconta,TRIA
orbitcoin,ORB
flypme,FYP
leafcoin,LEAF
fundyourselfnow,FYN
anoncoin,ANC
bowhead,AHT
bitboost,BBT
inpay,INPAY
footy-cash,XFT
yashcoin,YASH
universe,UNI
bittokens,BXT
ethbits,ETBS
unicoin,UNIC
version,V
bluecoin,BLU
global-jobcoin,GJC
magiccoin,MAGE
bitpark-coin,BPC
starcredits,STRC
commodity-ad-network,CDX
fucktoken,FUCK
nushares,NSR
zennies,ZENI
shadowcash,SDC
hitcoin,HTC
monster-byte,MBI
metalcoin,METAL
fantomcoin,FCN
nexxus,NXX
i0coin,I0C
insanecoin-insn,INSN
hobonickels,HBN
the-cypherfunks,FUNK
ico-openledger,ICOO
megacoin,MEC
digitalcoin,DGC
skeincoin,SKC
trollcoin,TROLL
bitradio,BRO
ethbet,EBET
jetcoin,JET
bigup,BIGUP
tagcoin,TAG
hodlcoin,HODL
tittiecoin,TTC
valorbit,VAL
blazecoin,BLZ
fastcoin,FST
btctalkcoin,TALK
nyancoin,NYAN
halcyon,HAL
qubitcoin,Q2C
iethereum,IETH
gaia,GAIA
ebitcoin-cash,EBCH
ultracoin,UTC
ultimate-secure-cash,USC
virtacoin,VTA
aricoin,ARI
dashcoin,DSH
phoenixcoin,PXC
centurion,CNT
flycoin,FLY
manna,MANNA
iticoin,ITI
smartcoin,SMC
purevidz,VIDZ
digicube,CUBE
ronpaulcoin,RPC
paycoin2,XPY
motocoin,MOTO
ammo-reloaded,AMMO
bitcoin-red,BTCRED
8bit,8BIT
blockpay,BLOCKPAY
joulecoin,XJO
scorecoin,SCORE
kushcoin,KUSH
truckcoin,TRK
elcoin-el,EL
dix-asset,DIX
ambercoin,AMBER
tigercoin,TGC
philosopher-stones,PHS
bitcoinfast,BCF
revolvercoin,XRE
helleniccoin,HNC
shadow-token,SHDW
prototanium,PR
bitz,BITZ
cypher,CYP
coin,CNO
cashcoin,CASH
ratecoin,XRA
postcoin,POST
trackr,TKR
blakecoin,BLC
px,PX
bitcurrency,BTCR
islacoin,ISL
wavesgo,WGO
eternity,ENT
evil-coin,EVIL
cannacoin,CCN
marscoin,MARS
chesscoin,CHESS
emerald,EMD
securecoin,SRC
berncash,BERN
icoin,ICN
atomic-coin,ATOM
signatum,SIGT
visio,VISIO
sproutsextreme,SPEX
mineum,MNM
freicoin,FRC
pascal-lite,PASL
darsek,KED
coin2-1,C2
300-token,300
briacoin,BRIA
datacoin,DTC
quebecoin,QBC
swing,SWING
lendconnect,LCT
xios,XIOS
c-bit,XCT
nekonium,NUKO
litebar,LTB
globalcoin,GLC
ecocoin,ECO
zurcoin,ZUR
amsterdamcoin,AMS
redcoin,RED
rubies,RBIES
chronos,CRX
fujinto,NTO
satoshimadness,MAD
independent-money-system,IMS
polcoin,PLC
yacoin,YAC
quatloo,QTL
catcoin,CAT
advanced-internet-blocks,AIB
sativacoin,STV
virtualcoin,VC
theresa-may-coin,MAY
cryptoescudo,CESC
fincoin,FNC
bankcoin,B@
dollarcoin,DLC
spacecoin,SPACE
boostcoin,BOST
firecoin,FIRE
parkbyte,PKB
sixeleven,611
parallelcoin,DUO
beatcoin,XBTS
honey,HONEY
bitcoin-planet,BTPL
tajcoin,TAJ
icobid,ICOB
brat,BRAT
secretcoin,SCRT
bumbacoin,BUMBA
evotion,EVO
yenten,YTN
bitcoin-21,XBTC21
agrolifecoin,AGLC
mustangcoin,MST
sooncoin,SOON
bolenum,BLN
hempcoin-hmp,HMP
elacoin,ELC
dalecoin,DALC
guccionecoin,GCC
virta-unique-coin,VUC
eurocoin,EUC
enigma,XNG
money,$$$
flaxscript,FLAX
madcoin,MDC
bitcoal,COAL
allion,ALL
creatio,XCRE
funcoin,FUNC
joincoin,J
eryllium,ERY
allsafe,ASAFE2
cannation,CNNC
javascript-token,JS
metal-music-coin,MTLMC3
exchangen,EXN
digital-rupees,DRS
marijuanacoin,MAR
californium,CF
sojourn,SOJ
billarycoin,BLRY
compucoin,CPN
debitcoin,DBTC
healthywormcoin,WORM
network-token,NTWK
benjirolls,BENJI
bitasean,BAS
shilling,SH
zozocoin,ZZC
songcoin,SONG
gold-pressed-latinum,GPL
uro,URO
quazarcoin,QCN
ripto-bux,RBX
bowscoin,BSC
kronecoin,KRONE
pulse,PULSE
warp,WARP
bipcoin,BIP
zayedcoin,ZYD
fuzzballs,FUZZ
postoken,POS
bitcedi,BXC
ponzicoin,PONZI
credence-coin,CRDNC
virtacoinplus,XVP
zetamicron,ZMC
veltor,VLT
vip-tokens,VIP
litecoin-ultra,LTCU
jewels,JWL
artex-coin,ATX
kingn-coin,KNC
arbit,ARB
eaglecoin,EAGLE
dreamcoin,DRM
piecoin,PIE
milocoin,MILO
litecred,LTCR
letitride,LIR
luna-coin,LUNA
bios-crypto,BIOS
vector,VEC2
doubloon,BOAT
cryptoworldx-token,CWXT
mincoin,MNC
zonecoin,ZNE
dappster,DLISK
steps,STEPS
tagrcoin,TAGR
destiny,DES
cthulhu-offerings,OFF
playercoin,PLACO
gbcgoldcoin,GBC
impulsecoin,IMPS
wild-beast-block,WBB
mindcoin,MND
rsgpcoin,RSGP
dollar-online,DOLLAR
sydpak,SDP
posex,PEX
osmiumcoin,OS76
torcoin-tor,TOR
plncoin,PLNC
anarchistsprime,ACP
bitvolt,VOLT
prcoin,PRC
save-and-gain,SANDG
coimatic-3,CTIC3
jobscoin,JOBS
biobar,BIOB
argus,ARGUS
concoin,CONX
socialcoin-socc,SOCC
ibank,IBANK
geysercoin,GSR
coupecoin,COUPE
nodecoin,NODC
crevacoin,CREVA
selfiecoin,SLFI
p7coin,P7C
coimatic-2,CTIC2
magnum,MGM
ulatech,ULA
levoplus,LVPS
futurexe,FXE
pizzacoin,PIZZA
tristar-coin,TSTR
digital-credits,DGCS
ebittree-coin,EBT
poly-ai,AI
ckusd,CKUSD
huobi-token,HT
kcash,KCASH
waykichain,WICC
show,SHOW
weth,WETH
iquant,IQT
fairgame,FAIR
gems-protocol,GEM
content-and-ad-network,CAN
dragon-coins,DRG
bitcoinx,BCX
topchain,TOPC
chatcoin,CHAT
coinmeet,MEET
oceanchain,OC
acute-angle-cloud,AAC
molecular-future,MOF
realchain,RCT
apex,CPX
tokenomy,TEN
moac,MOAC
auctus,AUC
starchain,STC
fargocoin,FRGC
ipchain,IPC
ofcoin,OF
noah-coin,NOAH
monero-original,XMO
amlt,AMLT
aware,AWR
monero-classic,XMC
exchange-union,XUC
cybervein,CVT
blockcdn,BCDN
selfsell,SSC
win-coin,WC
u-network,UUU
neurotoken,NTK
lightchain,LIGHT
adhive,ADH
bitstation,BSTN
bnktothefuture,BFT
filecoin,FIL
atmcoin,ATMC
stockchain,SCC
maggie,MAG
electronic-pk-chain,EPC
super-bitcoin,SBTC
dignity,DIG
bitrent,RNTB
united-bitcoin,UBTC
eosdac,EOSDAC
valuechain,VLC
sentinel,SENT
lightning-bitcoin,LBTC
animation-vision-cash,AVH
arbitracoin,ATC
brahmaos,BRM
aseancoin,ASN
tezos,XTZ
infinity-economics,XIN
comsa-eth,CMS
titanium-bar,TBAR
belugapay,BBI
pressone,PRS
qube,QUBE
comsa-xem,CMS
segwit2x,B2X
bitsoar,BSR
bigone-token,BIG
aidos-kuneen,ADK
read,READ
curriculum-vitae,CVH
snipcoin,SNIP
jingtum-tech,SWTC
sphre-air,XID
vice-industry-token,VIT
halalchain,HLC
commerceblock,CBT
stellite,XTL
investdigital,IDT
budbo,BUBO
etherecash,ECH
wawllet,WIN
datx,DATX
tokendesk,TDS
unlimitedip,UIP
syncfab,MFG
w3coin,W3C
consensus,SEN
techshares,THS
strikebitclub,SBC
cfun,CFUN
signal-token,SIG
bitcoin-god,GOD
daneel,DAN
gamechain,GCS
mktcoin,MLM
greenmed,GRMD
fidelium,FID
odem,ODE
candy,CANDY
msd,MSD
golos-gold,GBG
lendroid-support-token,LST
francs,FRN
animecoin,ANI
minex,MINEX
friends,FDZ
escoro,ESC
entcash,ENT
huncoin,HNC
cryptopiafeeshares,CEFS
runners,RUNNERS
embercoin,EMB
clubcoin,CLUB
peculium,PCL
safe-trade-coin,XSTC
swisscoin,SIC
fluz-fluz,FLUZ
bastonet,BSN
bubble,BUB
avatarcoin,AV
wa-space,WA
etherdelta-token,EDT
president-trump,PRES
rabbitcoin,RBBT
vulcano,VULC
hodl-bucks,HDLB
titanium-blockchain,BAR
terranova,TER
plexcoin,PLX
harvest-masternode-coin,HC
bt2-cst,BT2
cloud,CLD
edrcoin,EDRC
first-bitcoin-capital,BITCF
acchain,ACC
ea-coin,EAG
namocoin,NAMO
royalties,XRY
president-johnson,GARY
internet-of-things,XOT
storjcoin-x,SJCX
alphabitcoinfund,ABC
macro1,MCR
teslacoilcoin,TESLA
zilbercoin,ZBC
altcommunity-coin,SONO
numuscash,NUMUS
slothcoin,SLOTH
dutch-coin,DUTCH
sparks,SPK
ox-fina,OX
india-coin,INDIA
turbocoin,TURBO
akuya-coin,AKY
shacoin,SHA
corion,COR
cashme,CME
zengold,ZENGOLD
alpacoin,APC
superior-coin,SUP
nitro,NOX
cubits,QBT
flappycoin,FLAP
btcmoon,BTCM
xtd-coin,XTD
grandcoin,GDC
blazercoin,BLAZR
pabyosi-coin-special,PCS
sakuracoin,SKR
marxcoin,MARX
cyder,CYDER
bitserial,BTE
goldmaxcoin,GMX
fonziecoin,FONZ
davorcoin,DAV
ereal,EREAL
gaycoin,GAY
tellurion,TELL
high-gain,HIGH
quotient,XQN
bitbase,BTBc
coffeecoin,CFC
gold-reward-token,GRX
dynamiccoin,DMC
protean,PRN
indicoin,INDI
granitecoin,GRN
sjwcoin,SJW
neo-gold,NEOG
bestchain,BEST
royalcoin,ROYAL
anryze,RYZ
birds,BIRDS
topaz,TOPAZ
antimatter,ANTX
darklisk,DISK
klondikecoin,KDC
halloween-coin,HALLO
uttoken,UTT
batcoin,BAT
donationcoin,DON
ethereum-lite,ELITE
futcoin,FUTC
qora,QORA
topcoin,TOP
wink,WINK
zsecoin,ZSE
fazzcoin,FAZZ
aces,ACES
universalroyalcoin,UNRC
primulon,PRIMU
levocoin,LEVO
ur,UR
sportscoin,SPORT
first-bitcoin,BIT
landcoin,LDCN
encryptotel-eth,ETT
linkedcoin,LKC
stex,STEX
pirate-blocks,SKULL
magnetcoin,MAGN
wearesatoshi,WSX
thecreed,TCR
opescoin,OPES
todaycoin,TODAY
sharkcoin,SAK
tattoocoin-limited,TLE
cryptcoin,CRYPT
compcoin,CMP
shellcoin,SHELL
digital-bullion-gold,DBG
rublebit,RUBIT
sisa,SISA
netbit,NBIT
axiom,AXIOM
moneta2,MONETA
prismchain,PRM
richcoin,RICHX
lepen,LEPEN
avoncoin,ACN
wi-coin,WIC
mobilecash,MBL
bitok,BITOK
smoke,SMOKE
lazaruscoin,LAZ
safecoin,SFE
ugain,GAIN
rcoin,RCN
regacoin,REGA
hyper,HYPER
deltacredits,DCRE
cycling-coin,CYC
x2,X2
musiconomi,MCI
dashs,DASHS
supernet-unity,UNITY
frankywillcoin,FRWC
cybercoin,CC
omicron,OMC
gameleaguecoin,GML
psilocybin,PSY
uncoin,UNC
paypeer,PAYP
operand,OP
betacoin,BET
international-diamond,XID
t-coin,TCOIN
rhfcoin,RHFC
cheapcoin,CHEAP
fapcoin,FAP
infinitecoin,IFC
karmacoin,KARMA
vpncoin,VASH
trickycoin,TRICK
eggcoin,EGG
happy-creator-coin,HCC
pokecoin,POKE
kashhcoin,KASHH
mergecoin,MGC
sigmacoin,SIGMA
bitfid,FID
ug-token,UGT
farstcoin,FRCT
hyper-pay,HPY
timescoin,TMC
